ID,Reason
336617000396471320,Email is already unblocked
336617000396471058,Email is already unblocked
336617000395888081,"Cannot unblock, Email is blocked permanently"
336617000395700879,Email is already unblocked
336617000395700344,Email is already unblocked
336617000395526578,Email is already unblocked
336617000395396099,Email is already unblocked
336617000395289599,Email is already unblocked
336617000394853742,"Cannot unblock, Email is blocked permanently"
336617000394853371,Email is already unblocked
336617000394831802,"Cannot unblock, Email is blocked permanently"
336617000394638017,Email is already unblocked
336617000394224059,Email is already unblocked
336617000394082188,Email is already unblocked
336617000393778448,Email is already unblocked
336617000393265029,Email is already unblocked
336617000393156055,Email is already unblocked
336617000392662462,Email is already unblocked
336617000392491087,Email is already unblocked
336617000392483344,Email is already unblocked
336617000392483215,Email is already unblocked
336617000392199368,Email is already unblocked
336617000392018932,Email is already unblocked
336617000391963510,Email is already unblocked
336617000391963396,Email is already unblocked
336617000391963339,Email is already unblocked
336617000391565054,Email is already unblocked
336617000391233020,Email is already unblocked
336617000391027354,Email is already unblocked
336617000391027097,Email is already unblocked
336617000391023644,Email is already unblocked
336617000390720555,Email is already unblocked
336617000390393010,Email is already unblocked
336617000390386242,Email is already unblocked
336617000390156287,Email is already unblocked
336617000389963422,Email is already unblocked
336617000389963084,Email is already unblocked
336617000389754434,Email is already unblocked
336617000389754218,Email is already unblocked
336617000389754015,Email is already unblocked
336617000389606136,Email is already unblocked
336617000389332126,Email is already unblocked
336617000389112501,Email is already unblocked
336617000389112329,Email is already unblocked
336617000389112166,Email is already unblocked
336617000388657469,Email is already unblocked
336617000388657027,Email is already unblocked
336617000388654179,Email is already unblocked
336617000388654041,Email is already unblocked
336617000388324001,Email is already unblocked
336617000388246378,Email is already unblocked
336617000388129198,Email is already unblocked
336617000387890425,Email is already unblocked
336617000387890168,Email is already unblocked
336617000387863109,Email is already unblocked
336617000387857018,Email is already unblocked
336617000387629332,Email is already unblocked
336617000387489153,Email is already unblocked
336617000387489079,Email is already unblocked
336617000387475150,Email is already unblocked
336617000387236035,"Cannot unblock, Email is blocked permanently"
336617000387125589,Email is already unblocked
336617000386993140,Email is already unblocked
336617000386993010,Email is already unblocked
336617000386837038,Email is already unblocked
336617000386642368,Email is already unblocked
336617000386390435,"Cannot unblock, Email is blocked permanently"
336617000386339852,Email is already unblocked
336617000386339443,Email is already unblocked
336617000386083872,Email is already unblocked
336617000385731053,Email is already unblocked
336617000385666001,Email is already unblocked
336617000385615905,Email is already unblocked
336617000384558042,Email is already unblocked
336617000384491033,Email is already unblocked
336617000384264506,"Cannot unblock, Email is blocked permanently"
336617000384264316,Email is already unblocked
336617000384264077,Email is already unblocked
336617000383856313,Email is already unblocked
336617000382765190,"Cannot unblock, Email is blocked permanently"
336617000382765043,Email is already unblocked
336617000381825756,Email is already unblocked
336617000381655088,"Cannot unblock, Email is blocked permanently"
336617000381578211,Email is already unblocked
336617000381543001,Email is already unblocked
336617000381407395,Email is already unblocked
336617000380776092,Email is already unblocked
336617000380709990,Email is already unblocked
336617000380662071,Email is already unblocked
336617000380528080,"Cannot unblock, Email is blocked permanently"
336617000380336049,Email is already unblocked
336617000380030357,Email is already unblocked
336617000378727393,"Cannot unblock, Email is blocked permanently"
336617000378727274,Email is already unblocked
336617000378431382,Email is already unblocked
336617000378052725,Email is already unblocked
336617000378052010,Email is already unblocked
336617000377995027,Email is already unblocked
336617000377468114,Email is already unblocked
336617000377348361,Email is already unblocked
336617000377296340,Email is already unblocked
336617000377296123,Email is already unblocked
336617000376741553,Email is already unblocked
336617000376741150,Email is already unblocked
336617000376726794,Email is already unblocked
336617000376726746,Email is already unblocked
336617000376726503,Email is already unblocked
336617000376643339,"Cannot unblock, Email is blocked permanently"
336617000376465946,Email is already unblocked
336617000376396619,Email is already unblocked
336617000376347277,Email is already unblocked
336617000376222032,Email is already unblocked
336617000374897956,Email is already unblocked
336617000374897789,Email is already unblocked
336617000374531557,Email is already unblocked
336617000374523893,Email is already unblocked
336617000374523497,Email is already unblocked
336617000374220145,"Cannot unblock, Email is blocked permanently"
336617000373854772,Email is already unblocked
336617000373798239,Email is already unblocked
336617000373793249,Email is already unblocked
336617000373690462,Email is already unblocked
336617000373690358,Email is already unblocked
336617000373690252,"Cannot unblock, Email is blocked permanently"
336617000373690068,Email is already unblocked
336617000373150156,Email is already unblocked
336617000372500031,Email is already unblocked
336617000371889051,Email is already unblocked
336617000371868899,Email is already unblocked
336617000371868004,Email is already unblocked
336617000371118203,Email is already unblocked
336617000370799162,Email is already unblocked
336617000369734124,Email is already unblocked
336617000369693894,Email is already unblocked
336617000369693415,Email is already unblocked
336617000369167674,Email is already unblocked
336617000369089350,Email is already unblocked
336617000369083375,"Cannot unblock, Email is blocked permanently"
336617000368660248,Email is already unblocked
336617000368446027,Email is already unblocked
336617000367824381,"Cannot unblock, Email is blocked permanently"
336617000367824323,Email is already unblocked
336617000367824265,"Cannot unblock, Email is blocked permanently"
336617000367824199,Email is already unblocked
336617000367374282,Email is already unblocked
336617000367213250,Email is already unblocked
336617000367157696,Email is already unblocked
336617000366994918,Email is already unblocked
336617000366994811,Email is already unblocked
336617000366978631,Email is already unblocked
336617000366356183,Email is already unblocked
336617000366356089,Email is already unblocked
336617000366324034,Email is already unblocked
336617000366312114,Email is already unblocked
336617000366149151,Email is already unblocked
336617000366069191,Email is already unblocked
336617000365356470,Email is already unblocked
336617000365249451,Email is already unblocked
336617000365249285,Email is already unblocked
336617000365216582,Email is already unblocked
336617000364718368,Email is already unblocked
336617000364639540,Email is already unblocked
336617000364639028,Email is already unblocked
336617000364137209,Email is already unblocked
336617000363436946,Email is already unblocked
336617000363316747,Email is already unblocked
336617000363238532,Email is already unblocked
336617000362901174,Email is already unblocked
336617000362727187,Email is already unblocked
336617000362704677,Email is already unblocked
336617000362574424,Email is already unblocked
336617000362483961,Email is already unblocked
336617000362106446,Email is already unblocked
336617000362060424,Email is already unblocked
336617000362060350,Email is already unblocked
336617000361789179,Email is already unblocked
336617000361779646,Email is already unblocked
336617000361779277,Email is already unblocked
336617000361779221,Email is already unblocked
336617000360724007,Email is already unblocked
336617000360415428,Email is already unblocked
336617000360358155,Email is already unblocked
336617000360358070,Email is already unblocked
336617000360340163,Email is already unblocked
336617000359423526,Email is already unblocked
336617000359423381,Email is already unblocked
336617000359092435,Email is already unblocked
336617000359092264,Email is already unblocked
336617000359092206,Email is already unblocked
336617000359092102,Email is already unblocked
336617000359092058,Email is already unblocked
336617000358844914,Email is already unblocked
336617000358844770,Email is already unblocked
336617000358257829,Email is already unblocked
336617000357995100,Email is already unblocked
336617000357966025,Email is already unblocked
336617000357363775,Email is already unblocked
336617000357363686,Email is already unblocked
336617000357276108,"Cannot unblock, Email is blocked permanently"
336617000357274276,Email is already unblocked
336617000357274219,Email is already unblocked
336617000357274001,Email is already unblocked
336617000356814002,Email is already unblocked
336617000356726405,Email is already unblocked
336617000356726289,Email is already unblocked
336617000356630600,Email is already unblocked
336617000356178876,Email is already unblocked
336617000355965779,Email is already unblocked
336617000355917517,Email is already unblocked
336617000355653090,Email is already unblocked
336617000355448634,Email is already unblocked
336617000355426796,Email is already unblocked
336617000354560155,Email is already unblocked
336617000354560110,Email is already unblocked
336617000354550285,Email is already unblocked
336617000354496434,Email is already unblocked
336617000354262765,Email is already unblocked
336617000353698359,Email is already unblocked
336617000353698190,Email is already unblocked
336617000353698087,Email is already unblocked
336617000353128989,Email is already unblocked
336617000352578735,Email is already unblocked
336617000351393073,Email is already unblocked
336617000350854207,Email is already unblocked
336617000350854157,Email is already unblocked
336617000350597585,Email is already unblocked
336617000350489673,"Cannot unblock, Email is blocked permanently"
336617000350342202,Email is already unblocked
336617000350342157,Email is already unblocked
336617000350295577,Email is already unblocked
336617000350009073,Email is already unblocked
336617000349997188,Email is already unblocked
336617000349997001,Email is already unblocked
336617000349734065,Email is already unblocked
336617000349197233,Email is already unblocked
336617000349176223,Email is already unblocked
336617000348673172,Email is already unblocked
336617000347615042,Email is already unblocked
336617000346666675,Email is already unblocked
336617000346666626,Email is already unblocked
336617000346663630,Email is already unblocked
336617000346663518,Email is already unblocked
336617000346607666,Email is already unblocked
336617000346465713,Email is already unblocked
336617000346465069,Email is already unblocked
336617000346056249,Email is already unblocked
336617000346056087,Email is already unblocked
336617000345983318,Email is already unblocked
336617000345751153,Email is already unblocked
336617000345351495,Email is already unblocked
336617000345284184,Email is already unblocked
336617000345227482,Email is already unblocked
336617000345121156,Email is already unblocked
336617000344570823,Email is already unblocked
336617000344570782,Email is already unblocked
336617000344570725,Email is already unblocked
336617000344522707,Email is already unblocked
336617000344522521,Email is already unblocked
336617000344522158,"Cannot unblock, Email is blocked permanently"
336617000344176169,Email is already unblocked
336617000343420931,Email is already unblocked
336617000343420186,Email is already unblocked
336617000343403026,Email is already unblocked
336617000342889916,Email is already unblocked
336617000342889720,Email is already unblocked
336617000342889668,Email is already unblocked
336617000342889087,Email is already unblocked
336617000342443070,Email is already unblocked
336617000342157009,Email is already unblocked
336617000341307383,Email is already unblocked
336617000341210514,Email is already unblocked
336617000340897125,Email is already unblocked
336617000340014712,Email is already unblocked
336617000339499190,Email is already unblocked
336617000338726917,Email is already unblocked
336617000338313891,Email is already unblocked
336617000338313013,Email is already unblocked
336617000337998089,"Cannot unblock, Email is blocked permanently"
336617000337998039,Email is already unblocked
336617000337160402,Email is already unblocked
336617000337160129,Email is already unblocked
336617000337160073,Email is already unblocked
336617000337160002,Email is already unblocked
336617000336709818,Email is already unblocked
336617000336538924,Email is already unblocked
336617000336538505,Email is already unblocked
336617000336178087,Email is already unblocked
336617000334868025,Email is already unblocked
336617000334393421,Email is already unblocked
336617000334393171,Email is already unblocked
336617000334393125,Email is already unblocked
336617000333704144,Email is already unblocked
336617000333681912,"Cannot unblock, Email is blocked permanently"
336617000333681829,"Cannot unblock, Email is blocked permanently"
336617000333681781,"Cannot unblock, Email is blocked permanently"
336617000333681061,Email is already unblocked
336617000332829181,Email is already unblocked
336617000332829140,Email is already unblocked
336617000332006475,Email is already unblocked
336617000332006431,Email is already unblocked
336617000332006387,Email is already unblocked
336617000332006212,Email is already unblocked
336617000331731241,Email is already unblocked
336617000331384067,Email is already unblocked
336617000331350908,Email is already unblocked
336617000331350609,Email is already unblocked
336617000331184155,Email is already unblocked
336617000331184111,Email is already unblocked
336617000331184056,Email is already unblocked
336617000331184001,Email is already unblocked
336617000330986692,Email is already unblocked
336617000330986382,Email is already unblocked
336617000330973717,Email is already unblocked
336617000330973408,Email is already unblocked
336617000330700353,Email is already unblocked
336617000329933363,Email is already unblocked
336617000329933093,Email is already unblocked
336617000329915489,"Cannot unblock, Email is blocked permanently"
336617000329583132,Email is already unblocked
336617000329583039,"Cannot unblock, Email is blocked permanently"
336617000329358133,"Cannot unblock, Email is blocked permanently"
336617000329085216,Email is already unblocked
336617000329085156,Email is already unblocked
336617000328576154,Email is already unblocked
336617000328576011,Email is already unblocked
336617000328536542,Email is already unblocked
336617000328536304,"Cannot unblock, Email is blocked permanently"
336617000328536117,Email is already unblocked
336617000328348244,Email is already unblocked
336617000328304549,Email is already unblocked
336617000328304466,Email is already unblocked
336617000328084396,Email is already unblocked
336617000328084346,Email is already unblocked
336617000328084296,"Cannot unblock, Email is blocked permanently"
336617000328084246,Email is already unblocked
336617000328084079,Email is already unblocked
336617000327989992,Email is already unblocked
336617000327722132,Email is already unblocked
336617000327406815,Email is already unblocked
336617000327406252,"Cannot unblock, Email is blocked permanently"
336617000326789882,"Cannot unblock, Email is blocked permanently"
336617000326789696,Email is already unblocked
336617000326789001,Email is already unblocked
336617000326339279,Email is already unblocked
336617000326339238,Email is already unblocked
336617000326339193,Email is already unblocked
336617000326294779,Email is already unblocked
336617000326294432,Email is already unblocked
336617000326064056,Email is already unblocked
336617000325589034,Email is already unblocked
336617000325285415,Email is already unblocked
336617000325285371,Email is already unblocked
336617000325285120,Email is already unblocked
336617000324822033,Email is already unblocked
336617000324564052,Email is already unblocked
336617000324438642,Email is already unblocked
336617000324426902,Email is already unblocked
336617000324426656,Email is already unblocked
336617000324400542,Email is already unblocked
336617000324367289,Email is already unblocked
336617000324269508,Email is already unblocked
336617000324269126,Email is already unblocked
336617000323899672,Email is already unblocked
336617000323669049,Email is already unblocked
336617000323285585,Email is already unblocked
336617000323285497,Email is already unblocked
336617000323285431,Email is already unblocked
336617000322955793,Email is already unblocked
336617000322217844,"Cannot unblock, Email is blocked permanently"
336617000322006590,Email is already unblocked
336617000322006089,Email is already unblocked
336617000321577569,Email is already unblocked
336617000321528706,"Cannot unblock, Email is blocked permanently"
336617000321181295,Email is already unblocked
336617000320940485,Email is already unblocked
336617000320940435,Email is already unblocked
336617000320940391,Email is already unblocked
336617000320940347,Email is already unblocked
336617000320940060,Email is already unblocked
336617000320835798,Email is already unblocked
336617000320641811,Email is already unblocked
336617000320522653,Email is already unblocked
336617000320417322,Email is already unblocked
336617000320357298,Email is already unblocked
336617000320246375,Email is already unblocked
336617000320028721,Email is already unblocked
336617000319841943,Email is already unblocked
336617000319689370,Email is already unblocked
336617000319662537,Email is already unblocked
336617000319584874,Email is already unblocked
336617000318662539,"Cannot unblock, Email is blocked permanently"
336617000318662473,"Cannot unblock, Email is blocked permanently"
336617000318319131,Email is already unblocked
336617000318289433,Email is already unblocked
336617000317896519,Email is already unblocked
336617000317896293,Email is already unblocked
336617000317836394,Email is already unblocked
336617000317836350,Email is already unblocked
336617000317836306,Email is already unblocked
336617000317836262,Email is already unblocked
336617000317439180,Email is already unblocked
336617000317439001,"Cannot unblock, Email is blocked permanently"
336617000316892636,Email is already unblocked
336617000316188119,Email is already unblocked
336617000315728413,Email is already unblocked
336617000315666035,Email is already unblocked
336617000315461979,Email is already unblocked
336617000315461706,Email is already unblocked
336617000315461560,"Cannot unblock, Email is blocked permanently"
336617000315461250,Email is already unblocked
336617000315196446,Email is already unblocked
336617000315196348,Email is already unblocked
336617000315006221,Email is already unblocked
336617000314708280,Email is already unblocked
336617000314282801,Email is already unblocked
336617000314282757,Email is already unblocked
336617000314282706,Email is already unblocked
336617000314282251,Email is already unblocked
336617000314282022,Email is already unblocked
336617000314015978,Email is already unblocked
336617000314015767,Email is already unblocked
336617000314015609,Email is already unblocked
336617000314015148,Email is already unblocked
336617000313881553,Email is already unblocked
336617000313881314,Email is already unblocked
336617000313881184,Email is already unblocked
336617000313881140,Email is already unblocked
336617000313649311,Email is already unblocked
336617000313514338,Email is already unblocked
336617000313514294,Email is already unblocked
336617000313514250,Email is already unblocked
336617000313514206,Email is already unblocked
336617000313118183,Email is already unblocked
336617000313118128,Email is already unblocked
336617000313118084,Email is already unblocked
336617000313036829,Email is already unblocked
336617000313036636,Email is already unblocked
336617000313036474,Email is already unblocked
336617000313036180,Email is already unblocked
336617000312818100,Email is already unblocked
336617000312722170,Email is already unblocked
336617000312722082,Email is already unblocked
336617000312574977,Email is already unblocked
336617000312574650,Email is already unblocked
336617000312574595,"Cannot unblock, Email is blocked permanently"
336617000312574138,Email is already unblocked
336617000312574053,Email is already unblocked
336617000312574001,Email is already unblocked
336617000311869415,Email is already unblocked
336617000311869157,Email is already unblocked
336617000311869066,"Cannot unblock, Email is blocked permanently"
336617000311381001,Email is already unblocked
336617000310531309,Email is already unblocked
336617000310429807,Email is already unblocked
336617000310363575,Email is already unblocked
336617000310363339,Email is already unblocked
336617000310363038,Email is already unblocked
336617000310110643,Email is already unblocked
336617000309369112,Email is already unblocked
336617000309147949,Email is already unblocked
336617000309147863,Email is already unblocked
336617000309147811,Email is already unblocked
336617000309147414,Email is already unblocked
336617000308951226,Email is already unblocked
336617000308645546,Email is already unblocked
336617000308590320,Email is already unblocked
336617000308590085,Email is already unblocked
336617000308590033,Email is already unblocked
336617000308332652,Email is already unblocked
336617000308332213,Email is already unblocked
336617000307965035,Email is already unblocked
336617000307738368,Email is already unblocked
336617000307722159,Email is already unblocked
336617000307486031,"Cannot unblock, Email is blocked permanently"
336617000307304564,"Cannot unblock, Email is blocked permanently"
336617000307304267,Email is already unblocked
336617000307302835,Email is already unblocked
336617000307229712,"Cannot unblock, Email is blocked permanently"
336617000307229544,"Cannot unblock, Email is blocked permanently"
336617000307229124,Email is already unblocked
336617000307153769,Email is already unblocked
336617000307153551,Email is already unblocked
336617000307153465,Email is already unblocked
336617000307153292,Email is already unblocked
336617000306986146,Email is already unblocked
336617000306821614,"Cannot unblock, Email is blocked permanently"
336617000306821527,"Cannot unblock, Email is blocked permanently"
336617000306821454,"Cannot unblock, Email is blocked permanently"
336617000306821397,"Cannot unblock, Email is blocked permanently"
336617000306337222,Email is already unblocked
336617000306337062,Email is already unblocked
336617000306084941,Email is already unblocked
336617000306084883,"Cannot unblock, Email is blocked permanently"
336617000305997104,Email is already unblocked
336617000305997007,"Cannot unblock, Email is blocked permanently"
336617000305916689,Email is already unblocked
336617000305797579,Email is already unblocked
336617000305797295,Email is already unblocked
336617000305644400,Email is already unblocked
336617000305321314,Email is already unblocked
336617000304992157,Email is already unblocked
336617000304917014,Email is already unblocked
336617000304477099,Email is already unblocked
336617000304477050,Email is already unblocked
336617000304477001,Email is already unblocked
336617000304329033,Email is already unblocked
336617000304140810,Email is already unblocked
336617000304140331,Email is already unblocked
336617000303896839,"Cannot unblock, Email is blocked permanently"
336617000303896787,"Cannot unblock, Email is blocked permanently"
336617000303896735,"Cannot unblock, Email is blocked permanently"
336617000303896683,"Cannot unblock, Email is blocked permanently"
336617000303896631,"Cannot unblock, Email is blocked permanently"
336617000303896579,"Cannot unblock, Email is blocked permanently"
336617000303896527,"Cannot unblock, Email is blocked permanently"
336617000303896475,"Cannot unblock, Email is blocked permanently"
336617000303896423,"Cannot unblock, Email is blocked permanently"
336617000303896371,"Cannot unblock, Email is blocked permanently"
336617000303896319,"Cannot unblock, Email is blocked permanently"
336617000303896267,"Cannot unblock, Email is blocked permanently"
336617000303896055,"Cannot unblock, Email is blocked permanently"
336617000303896003,"Cannot unblock, Email is blocked permanently"
336617000303678222,"Cannot unblock, Email is blocked permanently"
336617000303678158,"Cannot unblock, Email is blocked permanently"
336617000303678094,"Cannot unblock, Email is blocked permanently"
336617000303678042,"Cannot unblock, Email is blocked permanently"
336617000303641990,"Cannot unblock, Email is blocked permanently"
336617000303641927,"Cannot unblock, Email is blocked permanently"
336617000303641875,"Cannot unblock, Email is blocked permanently"
336617000303641823,Email is already unblocked
336617000303641743,"Cannot unblock, Email is blocked permanently"
336617000303641691,Email is already unblocked
336617000303568600,Email is already unblocked
336617000302639131,Email is already unblocked
336617000302506571,"Cannot unblock, Email is blocked permanently"
336617000302388969,"Cannot unblock, Email is blocked permanently"
336617000302206507,Email is already unblocked
336617000302102566,Email is already unblocked
336617000302102432,Email is already unblocked
336617000301561911,Email is already unblocked
336617000301485754,Email is already unblocked
336617000301357506,Email is already unblocked
336617000301357050,Email is already unblocked
336617000301248711,Email is already unblocked
336617000301164757,Email is already unblocked
336617000301164405,Email is already unblocked
336617000301096737,"Cannot unblock, Email is blocked permanently"
336617000300881682,Email is already unblocked
336617000300881039,Email is already unblocked
336617000300597680,Email is already unblocked
336617000300597620,Email is already unblocked
336617000300597454,Email is already unblocked
336617000300444798,Email is already unblocked
336617000300444368,Email is already unblocked
336617000300444315,Email is already unblocked
336617000300444093,Email is already unblocked
336617000300373050,Email is already unblocked
336617000300295951,Email is already unblocked
336617000300295852,"Cannot unblock, Email is blocked permanently"
336617000300295329,Email is already unblocked
336617000300169934,Email is already unblocked
336617000299994135,Email is already unblocked
336617000299975802,Email is already unblocked
336617000299975545,Email is already unblocked
336617000299975503,Email is already unblocked
336617000299975008,Email is already unblocked
336617000299517908,Email is already unblocked
336617000299517093,Email is already unblocked
336617000299336455,Email is already unblocked
336617000299328396,Email is already unblocked
336617000299052770,Email is already unblocked
336617000299052396,Email is already unblocked
336617000299052072,Email is already unblocked
336617000299052019,Email is already unblocked
336617000298869964,Email is already unblocked
336617000298845251,Email is already unblocked
336617000298754379,Email is already unblocked
336617000298754246,Email is already unblocked
336617000298754193,Email is already unblocked
336617000298754140,Email is already unblocked
336617000298754087,Email is already unblocked
336617000298754034,Email is already unblocked
336617000298738325,Email is already unblocked
336617000298601981,Email is already unblocked
336617000298601928,Email is already unblocked
336617000298601875,Email is already unblocked
336617000298601640,Email is already unblocked
336617000298601062,Email is already unblocked
336617000298401154,"Cannot unblock, Email is blocked permanently"
336617000298152055,Email is already unblocked
336617000297852077,Email is already unblocked
336617000297792948,Email is already unblocked
336617000297387938,Email is already unblocked
336617000297387464,Email is already unblocked
336617000297365103,Email is already unblocked
336617000297055183,Email is already unblocked
336617000296951496,Email is already unblocked
336617000296951059,Email is already unblocked
336617000296618113,Email is already unblocked
336617000296507967,"Cannot unblock, Email is blocked permanently"
336617000295992812,"Cannot unblock, Email is blocked permanently"
336617000295992586,"Cannot unblock, Email is blocked permanently"
336617000295992144,Email is already unblocked
336617000295651679,Email is already unblocked
336617000295651626,"Cannot unblock, Email is blocked permanently"
336617000295651572,Email is already unblocked
336617000295400344,Email is already unblocked
336617000295073175,Email is already unblocked
336617000294637699,"Cannot unblock, Email is blocked permanently"
336617000294468698,"Cannot unblock, Email is blocked permanently"
336617000294143566,Email is already unblocked
336617000293902634,Email is already unblocked
336617000293902205,Email is already unblocked
336617000293449737,Email is already unblocked
336617000293449161,Email is already unblocked
336617000293325920,Email is already unblocked
336617000292904115,Email is already unblocked
336617000292548847,Email is already unblocked
336617000292548599,Email is already unblocked
336617000292548547,Email is already unblocked
336617000292548405,Email is already unblocked
336617000292548353,Email is already unblocked
336617000292548301,Email is already unblocked
336617000292284136,Email is already unblocked
336617000291857198,Email is already unblocked
336617000291405096,Email is already unblocked
336617000291348763,Email is already unblocked
336617000290490697,Email is already unblocked
336617000290490633,Email is already unblocked
336617000290432963,Email is already unblocked
336617000290432911,Email is already unblocked
336617000290355945,Email is already unblocked
336617000290355328,"Cannot unblock, Email is blocked permanently"
336617000290355271,"Cannot unblock, Email is blocked permanently"
336617000290355056,Email is already unblocked
336617000289970168,Email is already unblocked
336617000288712535,Email is already unblocked
336617000288712478,"Cannot unblock, Email is blocked permanently"
336617000288712421,Email is already unblocked
336617000288712349,Email is already unblocked
336617000288712292,"Cannot unblock, Email is blocked permanently"
336617000288712178,Email is already unblocked
336617000288101504,Email is already unblocked
336617000287954608,Email is already unblocked
336617000287206235,Email is already unblocked
336617000287189283,Email is already unblocked
336617000287189034,Email is already unblocked
336617000287120266,Email is already unblocked
336617000286812611,Email is already unblocked
336617000286812554,Email is already unblocked
336617000286812497,Email is already unblocked
336617000286812344,Email is already unblocked
336617000286812252,Email is already unblocked
336617000286812071,Email is already unblocked
336617000286805679,Email is already unblocked
336617000286691969,Email is already unblocked
336617000286691791,Email is already unblocked
336617000286691493,Email is already unblocked
336617000286613098,Email is already unblocked
336617000286613041,Email is already unblocked
336617000286527984,Email is already unblocked
336617000286527927,Email is already unblocked
336617000286527870,Email is already unblocked
336617000286527813,Email is already unblocked
336617000286527756,Email is already unblocked
336617000286527699,Email is already unblocked
336617000286527585,Email is already unblocked
336617000286527471,Email is already unblocked
336617000286527414,Email is already unblocked
336617000286527345,"Cannot unblock, Email is blocked permanently"
336617000286413001,Email is already unblocked
336617000286274039,Email is already unblocked
336617000286153573,Email is already unblocked
336617000286153479,"Cannot unblock, Email is blocked permanently"
336617000286153422,"Cannot unblock, Email is blocked permanently"
336617000285949923,Email is already unblocked
336617000285888710,Email is already unblocked
336617000285883203,Email is already unblocked
336617000285521197,Email is already unblocked
336617000285325021,Email is already unblocked
336617000285126458,Email is already unblocked
336617000285011389,"Cannot unblock, Email is blocked permanently"
336617000285011332,"Cannot unblock, Email is blocked permanently"
336617000284906406,Email is already unblocked
336617000284906116,Email is already unblocked
336617000284680766,Email is already unblocked
336617000284539869,Email is already unblocked
336617000284539751,Email is already unblocked
336617000284539155,Email is already unblocked
336617000284539081,Email is already unblocked
336617000284426068,Email is already unblocked
336617000284107018,Email is already unblocked
336617000283849010,Email is already unblocked
336617000283514499,Email is already unblocked
336617000283453133,Email is already unblocked
336617000282596654,Email is already unblocked
336617000282596103,Email is already unblocked
336617000282029633,Email is already unblocked
336617000281899472,Email is already unblocked
336617000280800170,Email is already unblocked
336617000280049523,Email is already unblocked
336617000280049317,Email is already unblocked
336617000279806283,Email is already unblocked
336617000279806234,Email is already unblocked
336617000279806165,Email is already unblocked
336617000279806085,Email is already unblocked
336617000279806036,Email is already unblocked
336617000277870374,Email is already unblocked
336617000277870277,Email is already unblocked
336617000277870167,Email is already unblocked
336617000277870071,Email is already unblocked
336617000277870001,Email is already unblocked
336617000276215326,Email is already unblocked
336617000276215257,Email is already unblocked
336617000276215200,Email is already unblocked
336617000276215140,Email is already unblocked
336617000276215091,Email is already unblocked
336617000276188967,Email is already unblocked
336617000276091416,Email is already unblocked
336617000275994377,Email is already unblocked
336617000275994170,Email is already unblocked
336617000275994010,Email is already unblocked
336617000275855687,Email is already unblocked
336617000275789217,"Cannot unblock, Email is blocked permanently"
336617000274824532,Email is already unblocked
336617000274714034,"Cannot unblock, Email is blocked permanently"
336617000274158374,Email is already unblocked
336617000274114121,Email is already unblocked
336617000272384787,"Cannot unblock, Email is blocked permanently"
336617000272384284,Email is already unblocked
336617000272384223,Email is already unblocked
336617000272380330,Email is already unblocked
336617000272010859,Email is already unblocked
336617000272010798,Email is already unblocked
336617000271863632,Email is already unblocked
336617000271863535,Email is already unblocked
336617000271863338,Email is already unblocked
336617000271863243,Email is already unblocked
336617000271863139,Email is already unblocked
336617000270454531,Email is already unblocked
336617000270454474,Email is already unblocked
336617000270454182,Email is already unblocked
336617000270454101,Email is already unblocked
336617000269662542,Email is already unblocked
336617000269662035,Email is already unblocked
336617000268193175,"Cannot unblock, Email is blocked permanently"
336617000267469003,Email is already unblocked
336617000266970383,Email is already unblocked
336617000266970188,Email is already unblocked
336617000265994044,Email is already unblocked
336617000265799112,Email is already unblocked
336617000265799021,Email is already unblocked
336617000265629001,"Cannot unblock, Email is blocked permanently"
336617000265270097,Email is already unblocked
336617000265039001,Email is already unblocked
336617000264294167,"Cannot unblock, Email is blocked permanently"
336617000263958265,Email is already unblocked
336617000263958064,"Cannot unblock, Email is blocked permanently"
336617000263719609,Email is already unblocked
336617000263719550,Email is already unblocked
336617000263597501,Email is already unblocked
336617000263597018,Email is already unblocked
336617000263190052,Email is already unblocked
336617000262699275,Email is already unblocked
336617000262699060,Email is already unblocked
336617000262646017,Email is already unblocked
336617000262513144,Email is already unblocked
336617000262393155,Email is already unblocked
336617000262393057,Email is already unblocked
336617000262393008,Email is already unblocked
336617000262296922,Email is already unblocked
336617000262296873,"Cannot unblock, Email is blocked permanently"
336617000261669422,Email is already unblocked
336617000261669147,Email is already unblocked
336617000261635072,Email is already unblocked
336617000261635023,Email is already unblocked
336617000261124790,Email is already unblocked
336617000261124692,"Cannot unblock, Email is blocked permanently"
336617000261124643,Email is already unblocked
336617000261124594,Email is already unblocked
336617000261106746,Email is already unblocked
336617000260711727,Email is already unblocked
336617000260711031,Email is already unblocked
336617000260633108,Email is already unblocked
336617000259277450,Email is already unblocked
336617000259277342,Email is already unblocked
336617000259277264,"Cannot unblock, Email is blocked permanently"
336617000258882438,Email is already unblocked
336617000258871334,Email is already unblocked
336617000258871268,Email is already unblocked
336617000258540010,Email is already unblocked
336617000258317456,Email is already unblocked
336617000257762056,Email is already unblocked
336617000257486238,"Cannot unblock, Email is blocked permanently"
336617000257448580,Email is already unblocked
336617000257064280,Email is already unblocked
336617000257064134,Email is already unblocked
336617000257064072,Email is already unblocked
336617000256803590,Email is already unblocked
336617000256803121,Email is already unblocked
336617000256803063,Email is already unblocked
336617000256708076,Email is already unblocked
336617000256296029,Email is already unblocked
336617000255061256,Email is already unblocked
336617000254928301,Email is already unblocked
336617000254691041,Email is already unblocked
336617000254389428,"Cannot unblock, Email is blocked permanently"
336617000253478122,Email is already unblocked
336617000253098557,Email is already unblocked
336617000253096358,Email is already unblocked
336617000253096317,Email is already unblocked
336617000252929745,Email is already unblocked
336617000252929623,Email is already unblocked
336617000252295212,Email is already unblocked
336617000252062332,Email is already unblocked
336617000252062103,Email is already unblocked
336617000251698122,Email is already unblocked
336617000251553703,Email is already unblocked
336617000251439092,Email is already unblocked
336617000251439044,Email is already unblocked
336617000251133917,Email is already unblocked
336617000251133876,Email is already unblocked
336617000251133835,Email is already unblocked
336617000251133794,Email is already unblocked
336617000251133753,Email is already unblocked
336617000251133712,Email is already unblocked
336617000251133671,Email is already unblocked
336617000251133630,Email is already unblocked
336617000251133589,Email is already unblocked
336617000251133548,Email is already unblocked
336617000251133507,Email is already unblocked
336617000251133466,Email is already unblocked
336617000251133425,Email is already unblocked
336617000251133343,Email is already unblocked
336617000251133151,Email is already unblocked
336617000250386080,"Cannot unblock, Email is blocked permanently"
336617000250036944,Email is already unblocked
336617000249776357,Email is already unblocked
336617000249776198,Email is already unblocked
336617000249776086,Email is already unblocked
336617000249319045,Email is already unblocked
336617000249122033,Email is already unblocked
336617000248954183,Email is already unblocked
336617000248878259,Email is already unblocked
336617000248864268,Email is already unblocked
336617000248847357,Email is already unblocked
336617000248746202,Email is already unblocked
336617000248612874,Email is already unblocked
336617000248373606,Email is already unblocked
336617000248373544,Email is already unblocked
336617000248130081,Email is already unblocked
336617000247900320,Email is already unblocked
336617000247036137,"Cannot unblock, Email is blocked permanently"
336617000247036049,Email is already unblocked
336617000246752041,Email is already unblocked
336617000246635094,Email is already unblocked
336617000246499221,Email is already unblocked
336617000246371138,"Cannot unblock, Email is blocked permanently"
336617000245005834,"Cannot unblock, Email is blocked permanently"
336617000245005697,Email is already unblocked
336617000245005060,Email is already unblocked
336617000244520279,Email is already unblocked
336617000244520175,Email is already unblocked
336617000244520116,"Cannot unblock, Email is blocked permanently"
336617000244176536,Email is already unblocked
336617000244176176,Email is already unblocked
336617000244077056,Email is already unblocked
336617000243937153,Email is already unblocked
336617000243704774,Email is already unblocked
336617000243012032,Email is already unblocked
336617000242542630,Email is already unblocked
336617000242542528,Email is already unblocked
336617000242182215,Email is already unblocked
336617000242074946,Email is already unblocked
336617000242074384,Email is already unblocked
336617000241172151,Email is already unblocked
336617000241169375,Email is already unblocked
336617000240876314,"Cannot unblock, Email is blocked permanently"
336617000240876050,Email is already unblocked
336617000240472915,Email is already unblocked
336617000240216017,Email is already unblocked
336617000240166524,Email is already unblocked
336617000240166056,Email is already unblocked
336617000239649139,Email is already unblocked
336617000239359809,Email is already unblocked
336617000239282027,Email is already unblocked
336617000239278001,Email is already unblocked
336617000239174095,"Cannot unblock, Email is blocked permanently"
336617000239099025,Email is already unblocked
336617000239095095,Email is already unblocked
336617000239094096,Email is already unblocked
336617000238137388,Email is already unblocked
336617000238137329,Email is already unblocked
336617000237940763,Email is already unblocked
336617000237267433,Email is already unblocked
336617000237267082,Email is already unblocked
336617000237224271,Email is already unblocked
336617000237223280,Email is already unblocked
336617000236255569,Email is already unblocked
336617000236221182,Email is already unblocked
336617000235036063,Email is already unblocked
336617000234749689,Email is already unblocked
336617000234640199,Email is already unblocked
336617000234640140,"Cannot unblock, Email is blocked permanently"
336617000234607869,Email is already unblocked
336617000234607731,Email is already unblocked
336617000234547056,Email is already unblocked
336617000234333087,Email is already unblocked
336617000234101641,Email is already unblocked
336617000233751760,"Cannot unblock, Email is blocked permanently"
336617000233751047,Email is already unblocked
336617000233499227,"Cannot unblock, Email is blocked permanently"
336617000233438441,Email is already unblocked
336617000233438252,Email is already unblocked
336617000233438064,Email is already unblocked
336617000233172445,Email is already unblocked
336617000233172212,Email is already unblocked
336617000233142699,Email is already unblocked
336617000232543584,Email is already unblocked
336617000232543525,Email is already unblocked
336617000232543466,Email is already unblocked
336617000232490923,"Cannot unblock, Email is blocked permanently"
336617000232490361,Email is already unblocked
336617000232490014,Email is already unblocked
336617000232258195,Email is already unblocked
336617000232190944,Email is already unblocked
336617000232190726,"Cannot unblock, Email is blocked permanently"
336617000232190350,Email is already unblocked
336617000232190125,Email is already unblocked
336617000232190053,Email is already unblocked
336617000232130137,Email is already unblocked
336617000231417697,Email is already unblocked
336617000231063025,Email is already unblocked
336617000230493255,Email is already unblocked
336617000230446889,Email is already unblocked
336617000229970033,Email is already unblocked
336617000229908746,"Cannot unblock, Email is blocked permanently"
336617000229908253,Email is already unblocked
336617000229908008,"Cannot unblock, Email is blocked permanently"
336617000229573274,Email is already unblocked
336617000229573031,Email is already unblocked
336617000229457041,Email is already unblocked
336617000229186041,Email is already unblocked
336617000228872584,Email is already unblocked
336617000228872195,"Cannot unblock, Email is blocked permanently"
336617000228872136,"Cannot unblock, Email is blocked permanently"
336617000228410016,Email is already unblocked
336617000227816723,Email is already unblocked
336617000227816420,Email is already unblocked
336617000227273123,Email is already unblocked
336617000227151723,Email is already unblocked
336617000227151418,Email is already unblocked
336617000227151359,Email is already unblocked
336617000226851252,Email is already unblocked
336617000226242676,Email is already unblocked
336617000226242139,Email is already unblocked
336617000226242029,Email is already unblocked
336617000225179402,"Cannot unblock, Email is blocked permanently"
336617000225087912,Email is already unblocked
336617000224626944,Email is already unblocked
336617000224626191,Email is already unblocked
336617000224213340,Email is already unblocked
336617000224177804,Email is already unblocked
336617000224177694,Email is already unblocked
336617000224151115,Email is already unblocked
336617000223705085,Email is already unblocked
336617000223647639,"Cannot unblock, Email is blocked permanently"
336617000223647530,Email is already unblocked
336617000223479659,Email is already unblocked
336617000223447988,Email is already unblocked
336617000223434682,Email is already unblocked
336617000223052879,Email is already unblocked
336617000223013864,Email is already unblocked
336617000223013805,Email is already unblocked
336617000222740471,Email is already unblocked
336617000222740412,"Cannot unblock, Email is blocked permanently"
336617000222740353,Email is already unblocked
336617000222636822,Email is already unblocked
336617000222636748,Email is already unblocked
336617000222636674,Email is already unblocked
336617000222636005,Email is already unblocked
336617000222630598,Email is already unblocked
336617000222358148,Email is already unblocked
336617000222185998,Email is already unblocked
336617000222185877,Email is already unblocked
336617000222185737,Email is already unblocked
336617000222185339,Email is already unblocked
336617000222185221,Email is already unblocked
336617000221964302,Email is already unblocked
336617000221781931,Email is already unblocked
336617000221781304,Email is already unblocked
336617000220757116,Email is already unblocked
336617000220612824,Email is already unblocked
336617000220414557,Email is already unblocked
336617000220406639,Email is already unblocked
336617000220106116,Email is already unblocked
336617000220099304,Email is already unblocked
336617000220079955,"Cannot unblock, Email is blocked permanently"
